808,913,196,644,183,439,412,909,773,788,246,816,228,548
256,899,994,305,819,467,10,748,485,463,782,671,554,578
241,409,300,370,422,16,218,347,656,309,307,746,514,981
251,356,996,30,904,727,275,295,168,364,348,194,652,548
182,480,380,375,793,316,978,402,472,116,820,648,868,176
278,68,770,770,18,242,990,662,44,879,470,389,816,770
352,64,708,751,709,718,390,2,313,891,8,142,277,79
434,202,542,12,322,315,779,98,522,868,937,774,489,641
355,157,461,726,217,401,852,153,542,147,866,664,757,18
352,315,449,375,494,816,151,887,22,58,701,36,321,51
149,963,911,82,947,592,852,441,589,873,870,216,780,290
784,929,852,769,712,330,569,231,780,898,399,242,126,223
475,153,506,147,661,806,649,113,310,482,575,954,387,195
23,249,383,159,109,347,40,173,615,125,436,834,473,612
602,635,505,474,946,571,570,995,998,435,347,109,457,307
522,84,972,749,611,354,680,328,11,232,311,145,403,429
423,930,570,981,175,361,300,11,738,79,552,452,350,503
209,862,793,20,122,584,868,722,81,437,223,226,947,189
666,752,873,777,614,508,795,295,438,561,202,596,380,863
165,738,52,773,308,904,820,630,505,231,865,332,358,417
88,882,562,991,611,678,582,961,132,942,50,236,760,841
400,438,701,8,495,198,416,467,542,681,645,97,682,540
602,150,490,464,562,952,912,862,242,112,941,34,661,999
662,425,474,966,66,634,348,181,841,773,176,637,557,434
518,704,681,450,324,270,882,962,606,348,817,861,508,213
553,357,868,929,402,31,104,694,150,799,803,379,583,899
20,661,260,397,714,233,685,627,499,80,629,29,290,308
293,587,240,982,431,600,871,745,307,651,486,454,114,319
571,486,732,542,172,413,54,206,182,311,824,481,864,305
165,623,280,880,356,224,928,313,242,212,272,238,954,624
580,759,386,326,779,851,197,632,447,279,231,480,773,343
692,550,34,86,903,752,855,347,738,285,235,958,432,987
665,797,819,30,720,861,521,30,67,413,873,275,321,662
828,257,248,470,664,451,592,206,802,778,956,574,790,705
27,650,37,165,677,698,799,469,857,756,181,21,246,408
358,288,385,80,691,974,317,889,339,131,569,225,943,291
330,84,671,371,802,870,278,467,815,275,315,687,457,861
700,238,114,540,108,250,706,968,763,708,88,700,45,484
781,491,257,309,826,371,8,482,211,922,38,480,635,923
303,143,460,332,89,696,591,617,534,764,661,664,459,424
537,326,61,752,820,276,400,286,25,57,519,366,456,309
508,85,580,925,892,149,121,800,37,990,824,529,624,570
128,154,102,897,114,481,324,778,149,783,140,215,919,526
197,594,352,215,626,351,6,962,944,509,562,933,124,204
744,627,908,968,361,110,420,984,730,40,167,237,987,389
3,692,151,984,71,28,142,505,44,978,913,133,554,844
479,286,171,536,931,530,917,534,482,230,287,303,454,541
86,708,522,503,664,161,907,556,781,842,871,201,210,773
783,843,30,281,170,813,492,324,230,73,923,313,404,493
230,498,605,770,649,354,257,874,164,456,136,742,854,590
604,600,124,351,75,260,327,916,944,611,905,162,428,805
785,772,84,669,241,974,908,400,902,141,392,511,888,355
418,816,816,383,154,176,364,205,715,206,527,64,845,875
73,964,864,992,785,898,793,439,271,597,132,704,806,191
382,700,570,843,255,694,0,726,16,462,693,404,648,544
281,233,63,532,528,827,393,311,363,793,904,874,904,597
323,498,128,675,909,85,180,634,141,699,858,351,567,651
213,571,814,421,328,178,436,872,276,944,51,777,623,522
832,114,841,599,778,6,689,134,441,856,282,155,134,738
359,430,393,658,543,848,821,818,251,896,275,405,555,45
894,314,908,881,384,528,268,967,567,460,771,623,118,633
916,901,344,621,312,245,933,966,620,146,689,349,743,942
390,539,503,170,716,661,88,292,873,608,903,261,557,56
354,443,151,181,602,695,446,175,820,290,247,362,68,475
738,69,980,222,954,315,186,386,207,856,573,468,173,955
76,701,847,612,417,356,369,867,53,348,169,552,440,483
481,600,810,69,460,736,528,197,719,95,12,829,98,661
425,294,97,414,834,556,852,910,678,18,472,733,875,334
747,987,528,479,478,869,976,593,921,909,402,367,164,994
910,827,462,703,879,606,15,92,643,945,559,429,677,767
259,549,747,874,216,943,744,581,307,192,434,132,86,473
684,934,566,720,248,865,99,192,625,300,937,444,697,383
321,13,814,504,807,674,20,809,142,71,800,749,183,635
982,924,908,175,611,538,748,539,842,603,659,366,405,505
173,733,789,270,393,332,511,405,946,520,466,337,645,895
961,667,300,437,240,111,523,533,144,902,859,397,64,827
889,231,190,666,665,395,723,955,492,990,365,277,275,826
928,839,72,596,609,775,150,435,315,701,939,296,698,543
950,556,74,748,75,241,335,662,866,163,717,907,586,539
598,541,359,678,914,927,149,15,43,78,173,78,739,594
760,63,861,842,115,697,881,637,32,99,170,657,851,852
19,23,528,155,196,908,230,32,328,686,282,988,663,661
32,76,135,530,336,151,53,773,461,385,341,341,363,797
785,473,962,497,495,115,448,957,196,892,610,145,25,256
592,408,539,500,239,739,139,471,516,197,305,155,134,291
822,552,800,127,85,963,447,773,653,656,435,987,261,500
629,99,11,253,671,271,777,740,524,639,68,310,265,462
153,192,376,857,660,75,597,170,280,736,956,254,648,69
131,626,924,86,587,768,550,432,398,708,220,340,830,447
93,332,571,717,656,672,770,456,878,531,877,88,684,77
128,883,838,849,358,151,394,816,580,496,585,435,220,421
636,221,563,452,21,728,856,189,457,940,662,361,323,838
585,465,320,993,447,361,97,89,57,279,501,363,28,837
54,107,282,751,735,384,921,101,675,949,647,213,103,515
815,518,337,836,240,874,464,282,178,725,961,605,933,157
98,868,755,619,941,873,295,983,674,294,554,367,553,743
95,758,258,781,637,373,394,929,106,505,451,521,74,950
531,684,338,199,510,909,767,995,197,472,199,837,792,393
681,227,24,144,263,256,423,289,341,973,381,43,957,365
648,365,715,433,320,972,936,437,321,590,605,894,540,642
337,435,987,643,981,808,58,901,694,678,329,461,494,882
476,849,852,292,885,761,587,797,41,788,880,184,269,78
457,233,328,848,966,85,20,205,957,271,361,31,361,908
789,548,229,558,59,395,905,647,871,604,485,22,733,480
242,320,155,933,572,591,5,796,164,179,683,948,548,217
240,489,630,389,741,919,623,282,855,722,503,368,358,972
450,754,57,788,941,576,596,949,592,777,304,460,509,406
0,478,918,944,584,115,555,994,481,215,378,363,959,305
369,633,22,313,771,342,954,955,766,201,830,713,987,899
368,154,119,904,58,500,757,768,654,439,96,111,686,387
894,432,510,403,268,63,603,89,947,664,627,520,265,370
235,880,569,38,321,97,138,103,534,18,647,46,924,177
453,630,589,407,55,34,460,890,745,992,353,606,400,544
995,378,724,818,672,450,543,212,306,627,259,392,722,735
82,246,289,699,401,527,963,962,353,257,520,635,456,73
788,494,631,173,201,898,980,397,232,831,940,166,750,849
911,869,502,630,961,577,329,330,796,371,89,204,147,815
456,471,600,738,417,244,261,445,735,300,480,152,663,206
585,715,92,495,11,773,612,351,178,415,868,185,330,259
722,925,410,508,620,888,868,849,540,430,370,886,684,102
361,152,662,339,236,946,417,914,620,432,854,974,327,181
447,780,939,640,275,318,470,501,960,147,91,942,936,950
399,52,927,615,66,806,844,674,840,400,850,520,330,479
280,151,592,58,338,143,804,812,396,322,89,511,671,1
778,908,503,235,376,414,824,209,69,360,191,122,367,828
141,887,173,538,346,61,533,541,236,758,643,258,387,894
119,935,921,782,98,30,831,637,224,411,676,294,483,335
570,230,359,78,139,963,878,886,604,155,583,623,911,17
751,863,160,360,378,663,830,143,401,689,131,54,906,115
826,934,528,155,214,59,834,9,991,806,990,712,893,793
965,558,327,950,233,768,524,726,988,113,130,556,315,940
589,23,510,49,297,353,455,590,943,987,560,590,159,563
469,412,343,409,869,487,76,733,764,260,662,605,765,899
790,228,827,797,136,647,104,588,641,278,467,631,208,496
791,208,370,342,817,75,987,74,709,189,929,801,345,682
709,19,83,300,128,566,177,280,228,204,733,274,725,321
92,506,962,875,305,22,930,20,687,59,473,260,143,722
312,490,596,995,527,320,179,493,656,226,358,214,853,449
374,212,865,350,75,143,943,360,83,369,460,127,815,26
595,210,625,84,884,183,982,433,984,535,594,125,302,121
196,26,618,348,123,864,76,750,716,213,445,420,576,719
668,1000,366,104,165,662,188,15,608,946,9,666,36,308
438,739,919,943,307,732,331,766,98,585,202,8,613,34
61,585,368,273,988,254,678,460,430,792,443,830,758,454
309,820,844,158,804,140,886,220,368,593,622,876,922,857
465,731,558,747,853,954,741,947,959,974,502,800,202,518
144,959,645,537,249,817,702,718,925,720,696,640,415,516
416,923,924,877,521,853,307,888,361,236,79,799,220,343
67,929,767,371,637,908,895,715,545,281,944,828,793,112
160,839,379,536,202,709,291,297,507,469,476,237,459,269
910,855,568,121,239,747,70,270,808,695,807,508,726,533
682,436,667,680,646,563,525,113,859,900,854,206,795,303
330,582,806,476,286,825,954,834,903,241,945,205,452,318
536,114,876,409,509,12,999,659,544,120,919,587,204,785
631,62,449,394,62,978,338,385,510,66,66,478,193,893
78,192,867,411,575,540,383,738,515,243,323,159,123,431
412,778,148,547,467,368,146,308,614,38,262,256,778,696
232,346,655,288,579,851,303,285,491,130,123,929,772,349
444,882,72,504,61,601,124,543,852,680,328,389,272,651
500,897,793,671,963,456,773,2,879,620,667,643,810,491
980,822,205,425,124,713,588,386,575,286,674,954,86,281
645,318,863,655,750,651,491,197,586,886,138,770,7,381
248,698,748,775,569,805,908,856,740,393,38,130,385,816
77,134,467,242,375,822,72,789,276,40,202,586,952,670
211,931,394,415,266,856,547,623,474,812,351,688,634,233
718,106,148,689,170,107,772,394,853,522,866,307,114,792
393,409,397,617,395,500,193,838,90,66,280,50,315,627
216,984,256,221,55,144,476,691,753,904,136,900,751,673
56,891,408,547,876,748,499,583,456,809,455,456,632,33
175,168,133,507,365,885,426,408,673,351,279,396,630,407
311,267,369,722,244,438,351,411,781,939,86,199,605,465
167,810,592,726,724,612,567,942,74,745,290,692,187,392
115,940,1,79,130,262,729,682,349,902,661,769,758,201
81,984,453,260,737,557,248,495,336,607,899,193,992,82
875,148,340,928,403,915,660,933,988,515,998,289,713,336
268,886,360,404,864,315,66,254,571,272,560,267,565,733
178,103,842,753,943,82,901,285,128,294,857,252,544,263
914,10,690,272,574,701,151,628,649,96,765,189,559,3
971,575,43,497,908,268,87,921,26,24,808,551,713,652
780,789,815,972,977,412,774,875,299,266,967,614,909,81
665,365,325,536,491,740,808,790,128,524,179,920,226,285
456,822,955,126,555,706,394,789,364,632,191,837,839,320
488,378,102,998,36,285,689,277,658,182,486,842,510,305
920,894,180,141,671,696,373,623,858,971,27,744,278,650
871,935,212,412,682,753,324,247,93,938,240,978,901,833
182,531,812,82,333,581,560,270,734,720,526,336,232,369
319,824,685,711,453,842,387,276,220,571,795,377,25,823
324,34,413,32,238,262,72,254,858,910,363,608,20,312
156,849,868,976,989,753,260,109,55,59,76,207,604,851
391,797,969,919,905,789,444,481,566,773,323,233,450,40
858,739,870,789,384,57,251,737,370,973,704,796,231,99
778,895,572,948,459,64,239,178,669,895,601,53,591,149
110,878,541,436,413,330,358,465,256,932,141,472,33,245
475,907,767,208,891,10,229,34,970,224,968,144,886,374
991,413,315,495,856,293,441,671,754,393,206,635,568,863
825,263,74,237,881,615,292,831,26,935,292,520,885,284
416,747,592,951,936,879,520,988,787,96,932,55,254,165
188,279,260,478,356,647,831,664,2,303,414,689,329,908
830,691,517,974,339,152,54,328,537,105,894,687,790,703
894,826,418,157,694,522,39,591,937,139,763,717,568,460
653,651,339,39,942,435,296,391,917,11,19,738,619,819
327,747,257,7,733,915,9,81,449,610,14,646,954,768
206,938,960,418,372,36,6,266,460,736,185,985,158,816
733,804,829,789,14,101,386,167,896,574,489,303,968,65
478,0,753,103,394,704,172,635,741,837,358,185,278,745
34,494,927,279,989,196,850,611,882,808,614,677,703,600
748,631,848,194,764,373,514,545,684,483,412,15,649,686
628,340,958,181,684,882,36,772,142,703,43,984,288,315
704,722,860,713,765,787,125,809,506,586,177,225,918,718
719,41,924,179,404,2,496,782,986,615,956,954,156,460
377,24,695,129,984,57,596,990,316,832,452,358,865,454
38,749,15,844,768,602,573,468,623,873,582,116,908,372
955,694,207,825,416,535,439,260,846,265,267,552,325,71
204,775,6,126,453,297,282,165,682,416,24,866,703,658
144,556,748,401,964,425,86,126,289,825,688,759,783,335
951,959,402,247,550,537,801,778,86,559,736,25,65,201
74,506,375,866,605,659,780,867,489,986,428,79,879,1
114,767,741,71,559,766,354,471,200,307,53,413,673,755
950,104,68,700,354,778,261,26,354,73,565,500,418,842
562,644,812,767,473,925,360,388,898,536,574,403,110,232
653,434,42,287,460,238,34,831,831,703,909,142,879,988
946,486,243,42,509,838,321,104,895,837,282,95,886,301
283,627,823,201,637,212,347,323,273,584,561,411,291,216
293,824,862,696,722,69,561,408,71,138,301,484,905,619
657,118,250,771,302,468,727,848,506,674,916,34,626,790
93,674,275,383,515,37,970,558,866,273,874,869,998,140
645,293,241,27,550,398,277,945,90,858,983,269,831,445
407,724,589,817,362,411,297,939,753,619,98,876,169,68
233,931,858,915,737,872,707,530,614,959,463,872,978,383
796,888,392,415,144,7,958,357,852,801,268,28,7,678
912,238,62,236,562,418,746,635,664,679,14,500,823,757
451,944,617,346,981,728,631,273,416,767,640,393,72,342
400,554,974,880,848,186,983,927,363,853,557,651,725,271
126,893,200,263,91,834,110,722,607,596,46,112,174,679
206,264,531,372,698,678,949,787,75,40,607,678,377,714
859,476,214,828,294,546,718,356,705,141,917,48,437,618
833,676,953,965,956,991,646,967,400,306,527,694,59,183
785,485,948,764,728,181,335,973,374,454,419,777,768,96
795,531,455,236,470,453,234,949,333,29,698,806,484,104
479,79,91,213,155,149,73,458,623,414,745,426,640,483
910,871,447,120,287,77,280,9,709,465,709,607,261,849
